,project,GitHub,R1,R5,R10,number-of-commits,number-of-entities,number-of-entities-changed,number-of-authors,max-age-months,avg-age-months,avg2-degree-coupling,avg2-strength-communication,avg2-author-revs-effort,avg2-total-revs-effort,avg2-ownership-added,avg2-ownership-deleted,avg-author-churn-added,avg-author-churn-deleted,avg-author-churn-commits,avg-entity-churn-added,avg-entity-churn-deleted,avg-entity-churn-commits,avg-fragmentation-fractal-value,avg-fragmentation-total-revs,avg-main-dev-ownership,avg-refactoring-main-dev-ownership,avg-revisions,avg-soc
0,cglib,https://github.com/cglib/cglib.git ,0.9807,0.9073,0.8232,824.0,986.0,3887.0,29.0,268.0,202.48275862068965,52.215651834504285,13.557315898387328,2.561769535400367,3.9421906693711968,66.0291413116971,51.14827586206897,3231.6206896551726,2419.137931034483,28.413793103448278,95.04766734279919,71.15111561866125,3.9421906693711968,0.10491379310344807,3.9421906693711968,0.7189046653144017,0.6604563894523335,3.9421906693711968,138.47845303867405
1,giraph,https://github.com/apache/giraph.git ,0.931,0.6996,0.4894,1128.0,4313.0,11888.0,49.0,171.0,132.12914444702062,58.55111783193975,4.735702825986913,1.3796718551819411,2.756318108045444,48.67215971613724,16.26366412235007,7711.551020408163,3618.0204081632655,23.020408163265305,87.61094365870623,41.104335729190815,2.756318108045444,0.1723092974727584,2.756318108045444,0.7176559239508455,0.5175770925110147,2.756318108045444,211.5010711735301
2,java-design-patterns,https://github.com/iluwatar/java-design-patterns.git ,0.9327,0.7057,0.4981,3713.0,6265.0,34138.0,505.0,126.0,51.32051077414206,76.57109073359074,10.22320686787746,1.5004088837550884,5.449002394253791,27.461942354105634,8.833869000791445,854.1960396039603,367.6772277227723,7.352475247524753,68.8537909018356,29.637190742218674,5.449002394253791,0.32908986432562276,5.449002394253791,0.6569577015163599,0.512951316839585,5.449002394253791,2204.402623612513
3,opengrok,https://github.com/oracle/opengrok.git ,0.8,0.3278,0.1074,6975.0,7679.0,32957.0,152.0,219.0,78.27568693840344,53.53682211458851,8.539039574538462,1.7252901088849177,4.291834874332595,29.603569316469,12.959348338215117,3376.5789473684213,1876.6842105263158,45.88815789473684,66.83682771194167,37.147545253288186,4.291834874332595,0.14681091287928424,4.291834874332595,0.4873629378825361,0.4046073707513994,4.291834874332595,574.3779494963433
4,takes,https://github.com/yegor256/takes.git,0.8812,0.5312,0.2822,2764.0,1000.0,11920.0,116.0,119.0,48.892,52.23268398268399,13.477171173312186,1.995959681714864,11.92,26.958574033712512,12.326106363128678,950.301724137931,484.12068965517244,23.82758620689655,110.235,56.158,11.92,0.4528409999999997,11.92,0.809860000000001,0.6355799999999989,11.92,2162.221505376344
5,Firestorm,https://github.com/Tencent/Firestorm.git ,0.9311,0.6997,0.4895,141.0,461.0,1642.0,14.0,39.0,34.70498915401301,81.82411508244842,11.528826530612244,1.320617704782564,3.561822125813449,55.849276934201015,6.909983472781738,4709.214285714285,692.6428571428571,10.071428571428571,143.01301518438177,21.03470715835141,3.561822125813449,0.39965292841648553,3.561822125813449,0.8781127982646428,0.5755097613882864,3.561822125813449,278.2411504424779
6,checkstyle,https://github.com/checkstyle/checkstyle.git ,0.7614,0.2559,0.0655,14573.0,16618.0,94226.0,540.0,284.0,64.39397039354917,55.6222111042693,6.815740198614651,1.4341930679231487,5.67011674088338,36.422816044898745,13.063947166190948,3114.175925925926,1579.9722222222222,26.987037037037037,101.19478878324708,51.341015766036826,5.67011674088338,0.2799237573715199,5.67011674088338,0.7352172343242195,0.5537669996389468,5.67011674088338,1205.55859375
7,glide,https://github.com/bumptech/glide.git,0.9209,0.6622,0.4385,2766.0,4026.0,19702.0,191.0,146.0,97.44510680576255,58.884642787767795,14.274964956580408,2.4351715561192195,4.893691008445106,41.48665468254188,24.094221069540136,1781.8795811518326,1108.7120418848167,14.481675392670157,84.53527074018878,52.599105812220564,4.893691008445106,0.1085777446597118,4.893691008445106,0.6453924490809742,0.5731346249379061,4.893691008445106,500.22225117248564
8,javaparser,https://github.com/javaparser/javaparser.git ,0.8193,0.3691,0.1362,6568.0,10044.0,48352.0,268.0,159.0,83.67064914376742,50.560332090367424,10.08412777850347,1.841112420881152,4.8140183193946635,43.55138881756349,19.493857709013884,2930.1380597014927,1537.4402985074628,24.507462686567163,78.1836917562724,41.02289924332935,4.8140183193946635,0.12357467144564041,4.8140183193946635,0.5253006770211075,0.40063420947829526,4.8140183193946635,1012.5274932051015
9,opennlp,https://github.com/apache/opennlp.git,0.9493,0.7708,0.5941,2233.0,5217.0,18169.0,80.0,170.0,123.5813686026452,60.56501566951567,5.849639330529602,1.664668324399238,3.482652865631589,96.16776225646692,59.869477491692756,9742.425,5601.45,27.9125,149.3950546290972,85.89534215066129,3.482652865631589,0.15190147594403125,3.482652865631589,0.7457657657657649,0.6560417864673189,3.482652865631589,1368.9729462875198
10,tika,https://github.com/apache/tika.git ,0.8274,0.3879,0.1504,7862.0,15414.0,48686.0,175.0,212.0,61.788049824834566,53.004016622731704,8.790351896434624,1.4513117560786515,3.1585571558323604,442.5573272997617,223.0671526405384,43996.34285714286,23752.4,44.925714285714285,499.5043466978072,269.66848319709356,3.1585571558323604,0.09931828208122657,3.1585571558323604,0.3625437913585038,0.2947703386531718,3.1585571558323604,1006.670659097203
11,Hystrix,https://github.com/Netflix/Hystrix.git ,0.9502,0.7747,0.6001,1478.0,821.0,4410.0,142.0,154.0,108.98538367844093,49.21481481481481,22.359941707499754,2.5729531025207026,5.3714981729598055,114.37379106209802,54.40807217548996,1252.0985915492959,650.2183098591549,10.408450704225352,216.56272838002437,112.46163215590742,5.3714981729598055,0.19091473812423854,5.3714981729598055,0.8621680876979296,0.6853958587088915,5.3714981729598055,84.39339752407153
12,cobertura,https://github.com/cobertura/cobertura.git,0.9556,0.7967,0.6347,966.0,2302.0,5736.0,69.0,259.0,154.2958297132928,61.34471976824918,15.559927598481547,1.6047913663226434,2.491746307558645,128.03980911645556,104.98602991877318,6954.304347826087,6066.231884057971,14.0,208.44787141615987,181.82884448305822,2.491746307558645,0.10892267593397023,2.491746307558645,0.5907211120764552,0.5664943527367512,2.491746307558645,343.0179613830265
13,gora,https://github.com/apache/gora.git ,0.9656,0.8396,0.7049,1245.0,1689.0,7113.0,76.0,172.0,106.62640615748964,59.82748541812713,9.316730971871698,1.5616012355343578,4.211367673179396,76.63363170849365,38.149525858741235,3514.934210526316,1749.2894736842106,16.38157894736842,158.16163410301954,78.71284783895797,4.211367673179396,0.21552397868561257,4.211367673179396,0.6978034339846073,0.4499585553582,4.211367673179396,179.1510611735331
14,jenkins,https://github.com/jenkinsci/jenkins.git ,0.408,0.0113,0.0001,30868.0,25772.0,139775.0,1098.0,219.0,87.6227300946764,54.35402572441637,8.06779521664969,1.424822469987968,5.423521651404625,22.028276786702037,12.162976789973886,1474.011839708561,930.3260473588342,28.112932604735885,62.799355890113304,39.635961508614,5.423521651404625,0.3584617142635721,5.423521651404625,0.676385224274384,0.551911764705875,5.423521651404625,2015.450044711812
15,org.aspectj,https://github.com/eclipse/org.aspectj.git ,0.7672,0.2657,0.0706,8874.0,18670.0,52238.0,27.0,266.0,152.30658810926622,65.07861041221602,2.6367630892993215,1.6446864080393808,2.797964649169791,82.19586196342489,34.48169312877802,83120.33333333333,42305.96296296296,328.6666666666667,120.20615961435458,61.181628280664164,2.797964649169791,0.15682592394215525,2.797964649169791,0.7722528119978526,0.4144665238350288,2.797964649169791,711.9020803443328
16,tinker,https://github.com/Tencent/tinker.git,0.9398,0.733,0.5372,719.0,533.0,2607.0,47.0,101.0,69.83302063789868,48.59375,22.60929342595456,2.0930120015485865,4.891181988742964,88.96305242860122,22.284506313469727,1965.404255319149,581.8297872340426,15.297872340425531,173.3095684803002,51.30581613508443,4.891181988742964,0.23377110694183853,4.891181988742964,0.87015009380863,0.5462851782363976,4.891181988742964,257.71011673151753
17,RxJava,https://github.com/ReactiveX/RxJava.git,0.8758,0.5153,0.2655,4834.0,10902.0,41457.0,339.0,154.0,90.63015960374243,59.71048071127185,16.747474446851673,1.5717363376589566,3.802696752889378,42.59786272249798,20.028003072317276,3248.5427728613568,1822.731563421829,14.259587020648967,101.01412584846817,56.678224179049714,3.802696752889378,0.22286818932306166,3.802696752889378,0.8126206200697055,0.7808686479545015,3.802696752889378,1341.8189230185817
18,commons-collections,https://github.com/apache/commons-collections.git,0.9223,0.6674,0.4455,4680.0,4994.0,29022.0,114.0,276.0,144.10212254705647,60.36170822102427,7.73786055477489,1.8727309906872285,5.811373648378054,36.19075877010039,25.825049229853448,4713.605263157895,3416.842105263158,41.05263157894737,107.59931918301962,77.99759711653985,5.811373648378054,0.24334601521826588,5.811373648378054,0.6145314377252712,0.6025030036043265,5.811373648378054,895.7769618128409
19,jetty.project,https://github.com/eclipse/jetty.project.git,0.4705,0.0231,0.0005,22517.0,43808.0,315054.0,240.0,190.0,58.21687819576333,53.02089646188118,5.168855057789632,1.9675294222436255,7.191700146092038,36.877822498970275,19.056491161532033,16543.183333333334,10534.425,93.82083333333334,90.63102629656683,57.71233564645727,7.191700146092038,0.18690951424395846,7.191700146092038,0.5698899744338775,0.49032710920379224,7.191700146092038,6346.048744598856
20,pdfbox,https://github.com/apache/pdfbox.git ,0.6681,0.1331,0.0177,12175.0,7679.0,33937.0,20.0,200.0,135.94621695533272,51.4258830995844,4.462967318629083,1.9994255617774308,4.41945565828884,132.19279833476992,72.07118548422103,77568.8,48857.05,608.75,202.0283891131658,127.24846985284542,4.41945565828884,0.16324013543430416,4.41945565828884,0.5985427790076827,0.5593879411381697,4.41945565828884,401.27400930757295
21,tomcat,https://github.com/apache/tomcat.git ,0.3853,0.0085,0.0001,26806.0,8884.0,93560.0,172.0,226.0,78.66479063484917,51.006254532269764,5.99558575021824,2.844352976623979,10.531292210715893,88.80503658803323,57.782773573439556,13862.32558139535,9038.39534883721,155.84883720930233,268.3836109860423,174.9891940567312,10.531292210715893,0.2722701485817216,10.531292210715893,0.761736830256636,0.6765736154885158,10.531292210715893,902.0860635696821
22,SimianArmy,https://github.com/Netflix/SimianArmy.git,0.9563,0.7998,0.6398,548.0,416.0,1935.0,59.0,155.0,127.11057692307692,56.1,17.717341565356175,1.8188853979466326,4.6514423076923075,49.55963480752827,7.933153821128264,755.8983050847457,146.52542372881356,9.288135593220339,107.20673076923077,20.78125,4.6514423076923075,0.30004807692307667,4.6514423076923075,0.8308173076923079,0.550528846153846,4.6514423076923075,77.69272237196766
23,groovy,https://github.com/apache/groovy.git ,0.5691,0.0597,0.0036,20560.0,16896.0,80601.0,474.0,257.0,113.5661103219697,55.1677825605379,7.954983243250228,1.6578004064118685,4.770419034090909,45.00468056135421,28.724754001504632,4339.559071729957,2782.4725738396623,43.37552742616034,121.7418915719697,78.05942234848484,4.770419034090909,0.2688461766098416,4.770419034090909,0.6522236032196908,0.5737026515151497,4.770419034090909,1566.0367519722918
24,jfreechart,https://github.com/jfree/jfreechart.git,0.9759,0.8849,0.7831,3310.0,5222.0,21967.0,39.0,211.0,100.76503255457679,66.29973076885828,8.809623721465826,3.5312694157198186,4.20662581386442,116.0477616068769,60.94916911357931,20040.410256410258,12675.358974358975,84.87179487179488,149.66985829184222,94.66468785905784,4.20662581386442,0.05871945614707011,4.20662581386442,0.7310532363079315,0.7006951359632341,4.20662581386442,971.9474409448819
25,phoenix,https://github.com/apache/phoenix.git,0.758,0.2503,0.0626,3955.0,7236.0,30186.0,205.0,132.0,70.04173576561637,51.14130690638228,6.000299310165443,1.299468863449518,4.1716417910447765,64.58698349857717,15.543103706146503,5372.848780487805,2042.1560975609757,19.29268292682927,152.2158651188502,57.85544499723604,4.1716417910447765,0.22019624101713725,4.1716417910447765,0.6629836926478703,0.4543269762299611,4.1716417910447765,806.2918911256025
26,tomee,https://github.com/apache/tomee.git,0.6649,0.13,0.0169,14556.0,21657.0,143016.0,169.0,229.0,123.63540656600637,57.75027979777992,3.7652474042179307,1.767800658155973,6.603684720875467,64.24664197484455,40.63218394103628,17270.745562130178,10152.378698224851,86.1301775147929,134.77194440596574,79.22389989379877,6.603684720875467,0.26215486909542707,6.603684720875467,0.7394422126794885,0.6116562774160669,6.603684720875467,2509.2365410497982
27,accumulo,https://github.com/apache/accumulo.git ,0.6761,0.1413,0.02,9591.0,13786.0,94085.0,203.0,160.0,93.45473668939503,58.173651243736025,2.9506472239219343,1.7187132801597382,6.8246772087625125,62.98725992292166,40.32746977917901,14455.177339901478,10003.916256157636,47.24630541871921,212.853692151458,147.30850137820977,6.8246772087625125,0.3210118961264931,6.8246772087625125,0.6060017408965601,0.6096597997968901,6.8246772087625125,2508.20579018057
28,commons-lang,https://github.com/apache/commons-lang.git ,0.8793,0.5256,0.2762,8167.0,2076.0,22156.0,269.0,270.0,136.45568400770713,55.71325646233054,15.299486309089572,2.3200966431609125,10.672447013487476,96.59558171272492,72.57975495644648,2418.895910780669,1644.8401486988848,30.360594795539033,313.4311175337187,213.1319845857418,10.672447013487476,0.30246676300578396,10.672447013487476,0.6634922928709065,0.6303034682080952,10.672447013487476,463.8705636743215
29,gson,https://github.com/google/gson.git ,0.9518,0.7813,0.6104,1941.0,1172.0,9571.0,170.0,197.0,105.19880546075085,52.528835978835986,24.680094012151045,2.523637335776099,8.166382252559726,110.61430722289064,96.52590694901173,2347.241176470588,2003.3235294117646,11.41764705882353,340.4701365187713,290.5844709897611,8.166382252559726,0.3065614334470981,8.166382252559726,0.7766467576791812,0.741638225255973,8.166382252559726,405.1619135234591
30,jmeter,https://github.com/apache/jmeter.git ,0.69,0.1564,0.0245,17748.0,11368.0,63435.0,122.0,317.0,102.08040112596763,52.566782645194984,8.194357925604255,1.8979535554399207,5.580137227304715,64.02516387487425,44.52371823882226,13118.360655737704,9030.065573770491,145.47540983606558,140.78465869106265,96.90957072484166,5.580137227304715,0.215588494018295,5.580137227304715,0.6054389514426437,0.4877040816326525,5.580137227304715,1479.6869107043815
31,picasso,https://github.com/square/picasso.git,0.9766,0.8884,0.7893,1073.0,714.0,4088.0,135.0,144.0,82.49439775910363,55.59548078434218,20.540001701772635,1.8160814490738564,5.7254901960784315,25.407479826913523,16.75868821505892,424.837037037037,296.3851851851852,7.948148148148148,80.32633053221288,56.03921568627451,5.7254901960784315,0.2258025210084031,5.7254901960784315,0.6665826330532213,0.6055322128851541,5.7254901960784315,81.22620904836194
32,airflow,https://github.com/apache/airflow.git,0.4017,0.0105,0.0001,27102.0,38565.0,189875.0,3444.0,124.0,18.733151821599897,55.099439286272535,17.958070338323502,1.3698418231134128,4.923505769480099,28.028024462481284,15.044133725312442,1061.575493612079,597.7389663182346,7.869337979094077,94.80269674575392,53.38034487229353,4.923505769480099,0.19382089977959266,4.923505769480099,0.5690979904058064,0.4926242707117806,4.923505769480099,1470.6944444444443
33,dagger,https://github.com/google/dagger.git ,0.86,0.4704,0.2213,3884.0,6353.0,29896.0,177.0,151.0,59.88997324098851,50.722017003622696,6.812716223566668,1.7527561543084542,4.705808279552967,41.04250831238475,19.854729623402132,3561.1581920903955,2097.1525423728813,21.943502824858758,99.21690539902409,58.42845899575004,4.705808279552967,0.2517520856288394,4.705808279552967,0.8199228710845224,0.640958602235165,4.705808279552967,314.64413160910135
34,pmd,https://github.com/pmd/pmd.git ,0.6782,0.1435,0.0206,24084.0,29659.0,135298.0,425.0,271.0,117.43386493138676,54.14166439343383,11.356948642317404,2.2711092228661856,4.561785629994268,51.22873496622635,37.14948290910451,6267.884705882353,4793.174117647059,56.66823529411765,89.81594119828719,68.68400822684514,4.561785629994268,0.13456630365150593,4.561785629994268,0.6419478067365603,0.5644182204389854,4.561785629994268,401.98343752245455
35,angel,https://github.com/Tencent/angel.git ,0.8219,0.3752,0.1407,2041.0,6596.0,22568.0,82.0,93.0,68.25848999393573,66.32912087912088,4.497956033697614,1.6879731089441528,3.4214675560946026,303.97659195379777,123.37417633744197,34020.560975609755,18722.963414634145,24.890243902439025,422.936021831413,232.75970285021225,3.4214675560946026,0.27812007277138506,3.4214675560946026,0.7993844754396605,0.6473044269254101,3.4214675560946026,1259.297072468405
36,derby,https://github.com/apache/derby.git,0.6281,0.0977,0.0095,8237.0,10811.0,59995.0,36.0,245.0,126.14688742946998,57.27297800434119,8.003722559159037,1.5262870111414546,5.549440384793266,86.3507435910412,45.1009050242943,113059.05555555556,64256.77777777778,228.80555555555554,376.4800665988345,213.9713255018037,5.549440384793266,0.31617176949404285,5.549440384793266,0.4475432429932416,0.45519470909258886,5.549440384793266,2685.2836343008416
37,hadoop,https://github.com/apache/hadoop.git ,0.3053,0.0027,0.0,27115.0,50579.0,198670.0,812.0,189.0,108.23219122560747,51.222513202268345,3.4730812190401914,1.2481532694469408,3.92791474722711,96.49267226250142,25.33940097254147,11003.050492610837,3952.9556650246304,33.392857142857146,176.64400245161036,63.46112022776251,3.92791474722711,0.2081335139089478,3.92791474722711,0.5715709879594354,0.4105112991557693,3.92791474722711,1341.595713124746
38,junit4,https://github.com/junit-team/junit4.git,0.9644,0.834,0.6956,2113.0,2275.0,8333.0,200.0,290.0,179.8487912087912,49.02357478202549,15.896488615601273,1.5673674090945946,3.662857142857143,30.08591656350232,17.913694906679993,836.54,546.135,10.565,73.54197802197803,48.011868131868134,3.662857142857143,0.22243516483516435,3.662857142857143,0.6540747252747268,0.5648307692307696,3.662857142857143,221.2856463878327
39,visualvm,https://github.com/oracle/visualvm.git ,0.6696,0.1346,0.0181,6802.0,15076.0,46591.0,64.0,208.0,105.30512072167684,59.66363552572053,8.321280953053872,1.9522126608300518,3.0904085964446804,41.72720809770766,17.909410131617093,16919.0,7602.265625,106.28125,71.82382594852746,32.2728177235341,3.0904085964446804,0.12956931546829725,3.0904085964446804,0.5607289732024379,0.47702440965773174,3.0904085964446804,1519.9348545196788
40,ant,https://github.com/apache/ant.git,0.7202,0.1937,0.0375,14659.0,9680.0,79666.0,127.0,301.0,209.03378099173554,61.519738646251255,6.725649430083514,2.432696492716272,8.22995867768595,66.13948240000038,55.82220908179885,13951.992125984252,10117.905511811023,115.4251968503937,183.0478305785124,132.7452479338843,8.22995867768595,0.28557210743802,8.22995867768595,0.7383440082644565,0.7282200413223053,8.22995867768595,1711.28976840274
41,drjava,https://github.com/DrJavaAtRice/drjava.git ,0.8485,0.4399,0.1935,3617.0,5373.0,39042.0,69.0,283.0,178.17941559650103,51.881383801967395,9.679830143706747,2.0009450436668024,7.266331658291457,99.95595749265176,77.43236787271961,22529.36231884058,17175.376811594204,52.42028985507246,289.321794155965,220.56597803833984,7.266331658291457,0.2513867485576028,7.266331658291457,0.48038712078912754,0.4687530243811664,7.266331658291457,1532.8132929369438
42,hazelcast,https://github.com/hazelcast/hazelcast.git ,0.3663,0.0066,0.0,31418.0,50900.0,382869.0,491.0,193.0,68.4784282907662,56.24161689389843,3.740060680145098,1.5719664260043735,7.521984282907662,33.547092649128345,22.321325579125915,12966.501018329938,7969.494908350305,63.9877800407332,125.07960707269156,76.87666011787819,7.521984282907662,0.36819709233785475,7.521984282907662,0.6958217681729071,0.627602534381175,7.521984282907662,20450.846415086802
43,presto,https://github.com/prestodb/presto.git ,0.6293,0.0987,0.0097,23889.0,22601.0,165719.0,935.0,150.0,67.9064200699084,53.54377021978046,6.074144278664909,1.5700879943403094,7.332374673687005,71.81542001196742,33.71018985847344,4461.737967914439,2300.1775401069517,25.549732620320857,184.5814344498031,95.15800185832485,7.332374673687005,0.3110449537630962,7.332374673687005,0.7546704128135792,0.5571949028803987,7.332374673687005,724.8771390753521
44,weka-3.8,https://github.com/Waikato/weka-3.8.git,0.8815,0.5321,0.2831,850.0,5736.0,7987.0,4.0,106.0,95.83176429567644,73.08333333333333,7.916666666666667,1.2060378893537889,1.3924337517433751,479.6170385867038,5.254503719200373,737813.25,10836.0,212.5,514.5141213389121,7.556485355648536,1.3924337517433751,0.05171042538354242,1.3924337517433751,0.7989103905160353,0.15120292887029305,1.3924337517433751,4191.849264053911
45,antlr3,https://github.com/antlr/antlr3.git,0.9462,0.7585,0.5754,548.0,2994.0,6074.0,26.0,167.0,156.26586506346027,61.91729323308272,8.375754677171683,1.2679370646054011,2.0287241148964594,134.08419692921197,35.21822682160859,24161.76923076923,8010.538461538462,21.076923076923077,209.82164328657313,69.56379425517702,2.0287241148964594,0.18462925851703452,2.0287241148964594,0.8593921175684681,0.40270541082164385,2.0287241148964594,1702.2252617359
46,dropwizard,https://github.com/dropwizard/dropwizard.git ,0.9325,0.705,0.497,7295.0,4452.0,30040.0,505.0,169.0,102.07187780772686,59.21131860442618,18.22872010363017,1.8399742811411495,6.747529200359389,21.068393447428768,12.681171478330759,472.71287128712873,276.560396039604,14.445544554455445,53.62084456424079,31.37084456424079,6.747529200359389,0.20180974842767557,6.747529200359389,0.7698225516621762,0.695038185085357,6.747529200359389,378.56727451946773
47,hbase,https://github.com/apache/hbase.git,0.4459,0.0176,0.0003,20401.0,20290.0,138672.0,692.0,213.0,106.9628881222277,50.45545104143027,4.034547535790152,1.5791390619526584,6.834499753573189,116.12458925010384,89.27666433483212,9172.252890173411,7020.631502890174,29.48121387283237,312.8240019714145,239.44194184327256,6.834499753573189,0.31008896007884745,6.834499753573189,0.6372777230162541,0.5772794480039393,6.834499753573189,2484.054363886483
48,kafka,https://github.com/apache/kafka.git,0.5739,0.0623,0.0039,15102.0,12131.0,106628.0,1433.0,162.0,40.032149039650484,50.03499533368466,6.807852448234346,1.3757174027707473,8.789712307311845,47.60037356141037,16.810501014396706,1998.5596650383811,956.1995812979762,10.538729937194697,236.08408210370126,112.9530953754843,8.789712307311845,0.4355873382243696,8.789712307311845,0.7773533921358388,0.5966067100816103,8.789712307311845,512.013820167207
49,xalan-java,https://github.com/apache/xalan-java.git ,0.8432,0.4263,0.1817,4835.0,5061.0,22942.0,39.0,296.0,110.53645524599881,54.96540972909214,6.6975087705943395,1.6973798466018384,4.533096226042284,77.02188403239826,54.54244974218299,26205.410256410258,15773.794871794871,123.97435897435898,201.9385496937364,121.55265757755384,4.533096226042284,0.20911005730092863,4.533096226042284,0.5676644931831649,0.5288599091088724,4.533096226042284,850.1670392196708
50,argouml,https://github.com/argouml-tigris-org/argouml.git,0.6783,0.1436,0.0206,16677.0,20576.0,91632.0,50.0,324.0,205.8580870917574,56.39743250853918,6.469078049478228,1.7815416170785523,4.453343701399689,58.60557056032394,44.972617636770394,55281.8,44309.72,333.54,134.33563374805598,107.67330870917574,4.453343701399689,0.2570756706842776,4.453343701399689,0.48450670684292196,0.4610434486780673,4.453343701399689,1284.4876449054302
51,druid,https://github.com/apache/druid.git,0.5578,0.054,0.0029,12715.0,35053.0,147230.0,700.0,147.0,56.77633868713092,55.97147855809947,4.859261779183671,1.4196930211252006,4.2002111088922485,103.53754324431338,16.795091621596953,8653.394285714287,2447.7157142857145,18.164285714285715,172.80620774256127,48.88029555244915,4.2002111088922485,0.2453151228140064,4.2002111088922485,0.7805725615496476,0.5845251476335775,4.2002111088922485,1611.6798375398898
52,heritrix3,https://github.com/internetarchive/heritrix3.git ,0.9183,0.653,0.4264,2199.0,1483.0,7264.0,58.0,189.0,128.04045853000673,53.086046511627906,8.231172767459338,2.0347965563803885,4.898179366149696,214.03104591288815,157.22345429626677,10796.241379310344,8215.672413793103,37.91379310344828,422.2400539447067,321.31422791638573,4.898179366149696,0.24045853000674303,4.898179366149696,0.9131085637221882,0.6020498988536745,4.898179366149696,839.636496350365
53,logging-log4j2,https://github.com/apache/logging-log4j2.git,0.7131,0.1844,0.034,13834.0,17569.0,83658.0,261.0,177.0,60.327907109112644,55.383702885853864,6.612554041019653,1.7127310233589486,4.761682508964654,30.97486385448129,14.008809481572838,4773.639846743295,2809.5938697318006,53.00383141762452,70.91581763333144,41.73851670556093,4.761682508964654,0.23856827366382868,4.761682508964654,0.594205703227297,0.48578462063862454,4.761682508964654,3894.827946711273
54,redisson,https://github.com/redisson/redisson.git ,0.6938,0.1608,0.0259,8659.0,5115.0,47778.0,238.0,133.0,47.00899315738025,58.81874275748931,17.988832636178294,4.354815741219915,9.340762463343108,94.38809681709111,24.579385912070922,3411.218487394958,1145.81512605042,36.38235294117647,158.72336265884653,53.314565004887584,9.340762463343108,0.1199920430107538,9.340762463343108,0.8058455522971635,0.6919002932551305,9.340762463343108,2585.2355329949237
55,xerces2-j,https://github.com/apache/xerces2-j.git,0.7681,0.2674,0.0715,5505.0,2696.0,18543.0,33.0,303.0,245.8809347181009,61.09571227778947,6.654891322998989,2.249854027237187,6.877967359050445,116.36977259645427,77.11198169251742,24716.39393939394,15200.242424242424,166.8181818181818,302.5374629080119,186.05637982195844,6.877967359050445,0.3174840504451087,6.877967359050445,0.773086053412461,0.7734755192878359,6.877967359050445,346.4309262166405
56,auto,https://github.com/google/auto.git ,0.9258,0.6802,0.4626,1742.0,830.0,5621.0,132.0,141.0,83.89518072289157,55.337452718221954,17.756560788283405,2.000707191571696,6.772289156626506,49.73191936474383,21.746311296425482,924.1515151515151,417.6969696969697,13.196969696969697,146.9734939759036,66.4289156626506,6.772289156626506,0.24136144578313226,6.772289156626506,0.7481325301204826,0.6274939759036146,6.772289156626506,180.05935483870968
57,dubbo,https://github.com/apache/dubbo.git,0.7833,0.295,0.087,7808.0,18873.0,72819.0,665.0,160.0,66.58379695861814,56.346469861666336,6.149771946339767,1.4345131616304372,3.8583690987124464,30.174181296746497,17.270076814957626,2254.667669172932,1476.6616541353383,11.741353383458646,79.44439145869761,52.03094367615112,3.8583690987124464,0.24279081227148797,3.8583690987124464,0.6595369045726658,0.5921252583055135,3.8583690987124464,1895.1284607466002
58,hibernate-orm,https://github.com/hibernate/hibernate-orm.git ,0.5,0.0312,0.001,20369.0,82237.0,244511.0,738.0,211.0,106.36837433272129,55.07529220658184,4.106360193369558,1.4233140463034972,2.9732480513637416,39.54139412919717,28.13875749079539,8402.489159891598,5878.677506775068,27.600271002710027,75.40446514342692,52.755620949207774,2.9732480513637416,0.18531366659777843,2.9732480513637416,0.6625880078309968,0.5651693276748813,2.9732480513637416,5909.520351306781
59,lucene,https://github.com/apache/lucene.git ,0.3481,0.0051,0.0,36884.0,61945.0,279603.0,498.0,281.0,117.73432884010009,54.72833341579319,5.098044505542818,1.4461246161438641,4.513729921704738,47.76031841298086,35.17736882157573,15459.048192771084,12597.022088353413,74.06425702811245,124.28131406893212,101.27237065138429,4.513729921704738,0.25785942368229153,4.513729921704738,0.5645249818387271,0.5213516829445435,4.513729921704738,2325.675148755111
60,retrofit,https://github.com/square/retrofit.git ,0.9779,0.8941,0.7994,1500.0,1802.0,7198.0,195.0,172.0,83.05327413984462,59.18746262536133,28.04921013140911,1.932658875041522,3.9944506104328523,56.585248314158186,14.920194773888381,801.0666666666667,312.01025641025643,7.6923076923076925,86.68590455049944,33.76359600443951,3.9944506104328523,0.12541620421753566,3.9944506104328523,0.8623418423973366,0.6341786903440627,3.9944506104328523,156.27142857142857
61,xmlgraphics-batik,https://github.com/apache/xmlgraphics-batik.git,0.8838,0.5393,0.2908,3562.0,11044.0,41153.0,22.0,292.0,180.53377399492936,57.297646634411336,5.929529036494981,1.7449006648006107,3.7262767113364723,40.574777076619704,23.137948459193026,50967.36363636364,27093.454545454544,161.9090909090909,101.52861282144151,53.97102499094531,3.7262767113364723,0.20423487866715204,3.7262767113364723,0.4350407461064829,0.4201729445852945,3.7262767113364723,1680.5858140389562
62,bc-java,https://github.com/bcgit/bc-java.git ,0.6941,0.1612,0.026,14479.0,13580.0,72068.0,145.0,140.0,54.198232695139914,56.519751062510196,4.028313532719014,3.2424970778689484,5.306921944035346,173.361063012834,72.3039297695023,25707.862068965518,10977.413793103447,99.8551724137931,274.49484536082474,117.21097201767304,5.306921944035346,0.13352746686303868,5.306921944035346,0.6987466863033817,0.4735861561119285,5.306921944035346,1360.9422959339652
63,elasticsearch,https://github.com/elastic/elasticsearch.git ,0.1275,0.0,0.0,78541.0,150650.0,679248.0,2177.0,180.0,72.6322402920677,53.70852461008769,9.714093012035915,1.4584344883293163,4.50878194490541,30.641161922283583,14.2653820608269,5836.078548461185,3195.172714745062,36.07762976573266,84.33549950215732,46.172525721871885,4.50878194490541,0.26373026883508627,4.50878194490541,0.6179054629936921,0.5458358446730707,4.50878194490541,4274.450737675913
64,maven,https://github.com/apache/maven.git,0.6853,0.1512,0.0229,15006.0,29417.0,96079.0,256.0,254.0,123.5648434578645,55.21296823288454,10.520023088655208,1.4606929102237343,3.2661046333752592,25.90673791513607,16.368085420100904,6224.59765625,4149.06640625,58.6171875,54.169255872454706,36.107046945643674,3.2661046333752592,0.17628333956554662,3.2661046333752592,0.6137995036883361,0.4812944895808492,3.2661046333752592,1007.9991031390134
65,rocketmq,https://github.com/apache/rocketmq.git ,0.7735,0.2768,0.0766,7698.0,6803.0,46448.0,701.0,141.0,55.89254740555637,53.929341447675824,17.707540540052015,1.9504305649952096,6.827576069381156,64.30502886110145,40.40285444827756,1834.0784593437945,990.9786019971469,10.981455064194009,188.98853447008673,102.11318535940026,6.827576069381156,0.2533896810230775,6.827576069381156,0.7495354990445376,0.6195604880199915,6.827576069381156,891.2612100737101
66,xstream,https://github.com/x-stream/xstream.git,0.9647,0.8356,0.6982,2879.0,1743.0,10883.0,45.0,256.0,149.68961560527825,54.97150537634409,10.124454978562751,2.743669928114851,6.243832472748135,59.54303289223686,30.930787756261083,4507.822222222222,2302.0,63.977777777777774,116.38095238095238,59.43201376936317,6.243832472748135,0.20605966724039002,6.243832472748135,0.7539013195639699,0.7097590361445788,6.243832472748135,262.93570536828963
67,beam,https://github.com/apache/beam.git ,0.3587,0.0059,0.0,32090.0,55269.0,211606.0,1506.0,123.0,71.56509073802674,52.81737861100918,6.309323701207739,1.3066812224119158,3.8286562087246017,72.26983994983178,43.96744799575354,4661.472775564409,2638.9980079681277,21.308100929614874,127.01836472525285,71.90886392009988,3.8286562087246017,0.18274788760427144,3.8286562087246017,0.5785170529591651,0.4659376865874141,3.8286562087246017,2410.7614100116066
68,error-prone,https://github.com/google/error-prone.git,0.7836,0.2955,0.0873,6499.0,5218.0,31730.0,341.0,161.0,66.22690686086624,58.80975568004979,8.891305304685483,1.8243828672974953,6.080873898045228,85.33742082204554,23.31320325471399,2833.3401759530793,1037.4604105571848,19.058651026392962,185.16078957454963,67.79877347642775,6.080873898045228,0.34998447681104106,6.080873898045228,0.7476561901111505,0.6683863549252581,6.080873898045228,1077.79034004765
69,htmlunit,https://github.com/HtmlUnit/htmlunit.git ,0.5676,0.0589,0.0035,20654.0,51330.0,190651.0,55.0,269.0,109.66325735437366,52.655961901693615,7.081469056064584,1.9720125456507687,3.714221702707968,165.1262504058705,117.26259645029515,182790.4909090909,141844.1090909091,375.5272727272727,195.85967270601986,151.9857003701539,3.714221702707968,0.062019851938437995,3.714221702707968,0.5428647964153505,0.4147280342879403,3.714221702707968,2871.8104973461764
70,microprofile,https://github.com/eclipse/microprofile.git ,0.9902,0.9518,0.9059,406.0,98.0,846.0,43.0,102.0,64.68367346938776,70.75,36.36387032814477,1.5742988587376343,8.63265306122449,21.290180907527848,16.259274054554663,169.58139534883722,101.13953488372093,9.44186046511628,74.40816326530613,44.37755102040816,8.63265306122449,0.2348979591836735,8.63265306122449,0.586938775510204,0.4893877551020408,8.63265306122449,29.216867469879517
71,shardingsphere,https://github.com/apache/shardingsphere.git ,0.3697,0.0069,0.0,42334.0,187917.0,439885.0,792.0,109.0,46.31630986020424,62.563425572993594,3.0607640204043087,1.449706941248612,2.34084728896268,19.74696032071744,15.449151987139121,7334.310606060606,5613.214646464647,53.4520202020202,30.911381088459265,23.65760415502589,2.34084728896268,0.0944002405317383,2.34084728896268,0.615546438055095,0.5830034004374207,2.34084728896268,1067.8087876051782
72,zeppelin,https://github.com/apache/zeppelin.git ,0.7784,0.2857,0.0816,5144.0,6945.0,30295.0,583.0,138.0,86.12886969042476,51.962424335320925,11.054704382905125,1.509299714507671,4.362131029517639,94.15019842526381,61.636965020396964,2208.1938250428816,1393.4271012006861,8.823327615780446,185.36745860331175,116.97163426925846,4.362131029517639,0.20926882649388256,4.362131029517639,0.6408809215262773,0.5127904967602593,4.362131029517639,330.96507462686566
73,bitcoinj,https://github.com/bitcoinj/bitcoinj.git ,0.8472,0.4364,0.1905,5124.0,3439.0,20076.0,153.0,167.0,114.92090724047688,46.8048873998342,10.288179043385123,2.2219404327615533,5.837743530095958,78.77239778306202,62.698531065529146,3460.1045751633987,2775.4901960784314,33.490196078431374,153.93893573713288,123.48066298342542,5.837743530095958,0.17093224774643792,5.837743530095958,0.8016603663855772,0.7720122128525734,5.837743530095958,618.2554246745195
74,eureka,https://github.com/Netflix/eureka.git,0.9754,0.8828,0.7794,1211.0,1141.0,4811.0,143.0,154.0,117.8159509202454,49.398373983739845,15.934269825873255,1.7279663553391846,4.216476774758983,88.70304652265312,42.99709543012372,1167.3076923076924,578.5174825174826,8.468531468531468,146.2971078001753,72.5048203330412,4.216476774758983,0.19325241016652034,4.216476774758983,0.7248290972830859,0.584960560911481,4.216476774758983,126.53633854645814
75,ignite,https://github.com/apache/ignite.git ,0.364,0.0064,0.0,23130.0,55208.0,260197.0,493.0,132.0,88.04894218229242,54.545309773835264,2.5433643487162687,1.5524186951886956,4.71303072018548,60.06379230533133,29.475090038815416,15019.76673427992,8403.381338742394,46.91683569979716,134.12449282712652,75.04106288943632,4.71303072018548,0.26320478916099527,4.71303072018548,0.7609036733806671,0.6510551007100374,4.71303072018548,2124.9613892446773
76,mockito,https://github.com/mockito/mockito.git ,0.8804,0.5291,0.2799,5720.0,7814.0,29104.0,340.0,207.0,114.3306885078065,54.40157881334351,14.981059420163902,2.0222129285918014,3.7245968773995393,34.554693926911845,27.921047645012717,1306.1176470588234,988.5852941176471,16.823529411764707,56.83132838495009,43.01497312515997,3.7245968773995393,0.12435385206040626,3.7245968773995393,0.5963488610186837,0.5549513693370873,3.7245968773995393,606.180559326636
77,skywalking,https://github.com/apache/skywalking.git ,0.7167,0.1891,0.0357,7238.0,31612.0,100890.0,546.0,111.0,69.93398076679742,58.81094685456387,14.587279219385614,1.5358273220488334,3.191509553334177,37.610687325308604,31.33474107623227,4182.589743589743,3467.9798534798533,13.256410256410257,72.24136403897255,59.898677717322535,3.191509553334177,0.2440079716563072,3.191509553334177,0.7788975705428268,0.7413238643553006,3.191509553334177,1475.7131638834578
78,byte-buddy,https://github.com/raphw/byte-buddy.git,0.866,0.487,0.2372,7042.0,5455.0,37915.0,106.0,134.0,90.22346471127406,49.035121951219516,21.546825172826914,3.9232390219008,6.950504124656279,74.07672153897634,35.891869732263864,6857.405660377359,3600.1509433962265,66.43396226415095,133.25114573785518,69.9571035747021,6.950504124656279,0.04968487626031148,6.950504124656279,0.8221851512373978,0.7537011915673695,6.950504124656279,463.3740826573967
79,findbugs,https://github.com/findbugsproject/findbugs.git,0.4577,0.0201,0.0004,15270.0,6849.0,45471.0,48.0,262.0,171.09899255365747,51.496565207964174,4.81815392059654,2.634037400238671,6.639071397284275,79.26173538139152,50.47701449703749,27181.520833333332,18379.0625,318.125,190.49686085559935,128.80639509417432,6.639071397284275,0.19461819243685743,6.639071397284275,0.6953409256825819,0.6154737917944234,6.639071397284275,1072.046565774156
80,itextpdf,https://github.com/itext/itextpdf.git,0.8847,0.5419,0.2937,4257.0,8528.0,36886.0,56.0,290.0,149.4874530956848,52.21691854386465,6.006851158348035,1.6670830683461089,4.325281425891182,209.5863967739569,115.39504703457676,40760.08928571428,22825.51785714286,76.01785714285714,267.65537054409003,149.8861397748593,4.325281425891182,0.2249689258911871,4.325281425891182,0.5895426829268372,0.4580382270168842,4.325281425891182,1864.2531444620834
81,mybatis-3,https://github.com/mybatis/mybatis-3.git ,0.8822,0.5344,0.2856,4030.0,3846.0,31027.0,298.0,177.0,53.18278731149246,62.8443623426382,15.605223300431867,2.3437334580197806,8.067342693707749,35.75381539773558,22.232165145016825,1524.8791946308725,947.1744966442953,13.523489932885907,118.15236609464378,73.39001560062403,8.067342693707749,0.372238689547588,8.067342693707749,0.6178133125325044,0.6706266250650053,8.067342693707749,4847.901521216973
82,spark,https://github.com/perwendel/spark.git ,0.9734,0.8737,0.7633,790.0,533.0,2270.0,162.0,165.0,119.70168855534709,55.47333333333333,26.626597718286614,1.7581309368832823,4.258911819887429,47.25142417342229,25.022963088957457,337.28395061728395,193.77777777777777,4.8765432098765435,102.5140712945591,58.8968105065666,4.258911819887429,0.18671669793620999,4.258911819887429,0.7485553470919325,0.6768292682926829,4.258911819887429,44.7248322147651
83,zuul,https://github.com/Netflix/zuul.git,0.9534,0.7877,0.6205,1530.0,1116.0,6509.0,84.0,154.0,73.52508960573476,49.237318840579704,12.600807806575645,1.5878701000811215,5.832437275985663,38.66330594186776,21.107885417549397,2144.8571428571427,1207.2738095238096,18.214285714285715,161.44086021505376,90.87007168458781,5.832437275985663,0.35643369175627126,5.832437275985663,0.7043817204301084,0.5902060931899649,5.832437275985663,289.2098421541318
84,camel,https://github.com/apache/camel.git,0.1385,0.0001,0.0,73596.0,111575.0,688026.0,1427.0,215.0,58.92964373739637,59.261314726700824,4.177373696620486,1.6445021088527143,6.166488908805736,32.240416131675225,18.42753524820064,8793.680448493342,5952.109320252278,51.5739313244569,112.46768541339905,76.12511763387856,6.166488908805736,0.32584257226080926,6.166488908805736,0.6689730674434307,0.5567312570020034,6.166488908805736,7983.216857806623
85,flink,https://github.com/apache/flink.git,0.414,0.0122,0.0001,35893.0,85503.0,333486.0,1893.0,170.0,68.37673531922856,56.769037935110795,3.8480974232003615,1.3218259875385174,3.9002842005543665,43.18782911975661,24.491860234775164,5655.725303750661,3732.172741679873,18.96090861067089,125.21534916903501,82.62871478193748,3.9002842005543665,0.28784461363924346,3.9002842005543665,0.6390820205138993,0.5716466088909097,3.9002842005543665,2164.003929888854
86,j2objc,https://github.com/google/j2objc.git,0.7747,0.279,0.0778,5577.0,11695.0,43212.0,149.0,149.0,83.59640872167593,54.357807120700826,9.227143243006099,1.6593287925555988,3.6949123557075674,378.00493927477686,115.67759956482168,41409.03355704698,15107.23489932886,37.42953020134228,527.5712697734075,192.47353569901668,3.6949123557075674,0.20813518597691527,3.6949123557075674,0.7934330910645553,0.5389080803762275,3.6949123557075674,1057.240592829251
87,netbeans,https://github.com/apache/netbeans.git ,0.6389,0.1064,0.0113,7398.0,192331.0,332944.0,291.0,93.0,70.79024702206092,70.83684216294132,3.2990664526390088,1.1020132111920813,1.7310989908023147,97.9278029517175,11.143786126472252,93338.94158075601,14848.85910652921,25.422680412371133,141.22337012754053,22.46657065163702,1.7310989908023147,0.17436317598305112,1.7310989908023147,0.5079025222143079,0.3320923304096064,1.7310989908023147,29085.409136767765
88,spring-boot,https://github.com/spring-projects/spring-boot.git ,0.598,0.0765,0.0059,35517.0,38973.0,182002.0,1385.0,141.0,69.03522951787134,56.068057002734434,13.323629116885876,1.539990952701081,4.669950991712211,20.977606075391883,9.542470379809005,1522.6541516245488,843.4014440433212,25.644043321299637,54.111205193338975,29.97231416621764,4.669950991712211,0.21551561337334257,4.669950991712211,0.6754127216277868,0.5683829830908462,4.669950991712211,1422.748697986577
89,cassandra,https://github.com/apache/cassandra.git,0.5931,0.0734,0.0054,17674.0,13160.0,106085.0,590.0,191.0,70.05341945288754,52.741557167017994,11.62106411511107,1.5957251629097704,8.061170212765957,77.5887344238447,30.13359190640006,5549.108474576271,2710.9338983050848,29.955932203389832,248.7822188449848,121.53882978723404,8.061170212765957,0.33901686930089847,8.061170212765957,0.6972325227963424,0.4948609422492386,8.061170212765957,605.0479904496617
90,freecol,https://github.com/FreeCol/freecol.git ,0.7139,0.1855,0.0344,16727.0,14533.0,105103.0,79.0,250.0,117.68478634831074,46.80579252083139,6.1702890855902774,1.7736892895124559,7.232023670267667,71.28505532276608,58.354500903046294,30478.07594936709,23321.443037974685,211.73417721518987,165.67590999793572,126.77313699855502,7.232023670267667,0.11578304548269495,7.232023670267667,0.17941925273515444,0.16318585288653406,7.232023670267667,1417.4160351299668
91,jOOQ,https://github.com/jOOQ/jOOQ.git ,0.6657,0.1308,0.0171,13413.0,15079.0,139655.0,114.0,162.0,103.6835333908084,67.14069774911137,13.842418159974581,6.093878668151714,9.261555806087937,291.95131786190893,264.2301465557857,69275.36842105263,62585.070175438595,117.65789473684211,523.7344651502088,473.1545858478679,9.261555806087937,0.07542370183699333,9.261555806087937,0.742951787253798,0.7747231248756556,9.261555806087937,3996.920161019792
92,netty,https://github.com/netty/netty.git ,0.6395,0.107,0.0114,11510.0,10361.0,68940.0,779.0,198.0,114.78457677830325,54.321254239613765,10.328459612773747,2.047934469979143,6.6537978959559885,38.40697107187919,21.445712099631088,1503.8677792041078,787.780487804878,14.775353016688062,113.06949136183766,59.22990058874626,6.6537978959559885,0.24107171122478865,6.6537978959559885,0.7092886786989614,0.6438625615288087,6.6537978959559885,1423.9706238643246
93,castor,https://github.com/castor-data-binding/castor.git,0.8961,0.5777,0.3337,2894.0,16172.0,36701.0,13.0,226.0,178.53221617610686,61.209972634972644,3.693661893661894,1.3754552989882571,2.2694162750432847,70.29038991555069,39.77451245833481,126287.53846153847,86862.07692307692,222.6153846153846,101.51731387583477,69.82482067771457,2.2694162750432847,0.18223979718031755,2.2694162750432847,0.6771722730645504,0.5380095226317034,2.2694162750432847,1450.6089506566366
94,jackson,https://github.com/FasterXML/jackson.git ,0.9557,0.7973,0.6358,2038.0,1971.0,11263.0,54.0,202.0,154.18214104515474,45.84982098102399,76.53747738215318,5.46111266424378,5.714358193810249,122.36215291799112,123.1534957564964,4641.7962962962965,4620.5,37.74074074074074,127.17250126839168,126.58904109589041,5.714358193810249,0.010832572298325715,5.714358193810249,0.8263723997970576,0.8138203957382041,5.714358193810249,414.81286863270776
95,nifi,https://github.com/apache/nifi.git ,0.5581,0.0542,0.0029,10106.0,52025.0,152756.0,689.0,122.0,46.702739067755886,56.97041767506336,5.099379453950213,1.2872093571097196,2.9362037481979817,33.1940116466966,17.589097440104815,5698.253991291727,3341.190130624093,14.667634252539912,75.46558385391639,44.24949543488707,2.9362037481979817,0.15566112445938296,2.9362037481979817,0.49209649207111805,0.3706120134550631,2.9362037481979817,2791.334233282467
96,storm,https://github.com/apache/storm.git,0.7687,0.2685,0.0721,8145.0,11031.0,44512.0,527.0,161.0,93.33614359532227,55.377211734428236,10.705417853784754,1.438762267605524,4.035173601668027,41.29141173824795,18.1093273589923,2175.696394686907,1184.6565464895637,15.455407969639468,103.94270691687063,56.596319463330616,4.035173601668027,0.22688305683982318,4.035173601668027,0.6580391623606214,0.5323016952225538,4.035173601668027,660.5491710625471
97,cayenne,https://github.com/apache/cayenne.git,0.8474,0.4371,0.191,6942.0,33542.0,74952.0,79.0,217.0,131.42996839782958,54.9054912723137,5.430276533191176,1.3409034780188112,2.2345715818973226,22.794946291989703,11.257874224487578,15675.26582278481,9171.87341772152,87.87341772151899,36.919265398604736,21.602110786476658,2.2345715818973226,0.10668546896428795,2.2345715818973226,0.46437481366643907,0.37277413392164543,2.2345715818973226,1708.5536019015115
98,ganttproject,https://github.com/bardsoftware/ganttproject.git ,0.8273,0.3875,0.1501,4641.0,4354.0,93522.0,51.0,174.0,79.18511713367019,50.29048964782914,12.398151425830472,5.924306512529984,21.47955902618282,397.2679789064608,39.11150866563131,150059.58823529413,6977.078431372549,91.0,1757.7030316949931,81.7250803858521,21.47955902618282,0.22542994947174927,21.47955902618282,0.465358291226461,0.4871933853927438,21.47955902618282,18531.69530667991
99,jasperreports,https://github.com/TIBCOSoftware/jasperreports.git ,0.7527,0.2417,0.0584,9971.0,30713.0,122565.0,35.0,254.0,50.51203073617035,54.474807476347515,3.9039443043108735,2.2450977405255723,3.9906554227851396,68.02811848971454,58.04241819683409,89031.82857142857,68286.22857142857,284.8857142857143,101.4591215446228,77.81779702406148,3.9906554227851396,0.06384374694754848,3.9906554227851396,0.4916628137922008,0.49261713281019764,3.9906554227851396,4628.156000527809
100,okhttp,https://github.com/square/okhttp.git ,0.9106,0.6261,0.392,3862.0,5004.0,20465.0,321.0,164.0,63.84312549960032,56.083551116012,17.58561909390486,1.7885770201491744,4.089728217426059,51.15952457263325,32.78201242484886,1614.4672897196263,1084.5171339563863,12.031152647975079,103.56594724220624,69.57034372501998,4.089728217426059,0.15912749800160067,4.089728217426059,0.6155395683453226,0.573998800959232,4.089728217426059,203.70124920601313
101,struts,https://github.com/apache/struts.git ,0.8442,0.4289,0.1839,6853.0,33328.0,85189.0,124.0,227.0,179.69806168987037,60.60350534591997,5.293252209042156,1.3542195330325746,2.5560789726356217,34.25699258525921,25.363488729199933,19120.983870967742,15974.491935483871,55.266129032258064,71.14144263082093,59.43461953912626,2.5560789726356217,0.1172924867978923,2.5560789726356217,0.4538274123859779,0.3897593614978377,2.5560789726356217,1492.2884235480046
102,BiglyBT,https://github.com/BiglySoftware/BiglyBT.git ,0.7202,0.1937,0.0375,5316.0,4703.0,27305.0,27.0,91.0,60.13076759515203,46.069444444444436,6.579168995397065,2.409441288741735,5.8058685945141395,159.62141135850467,22.580169699178843,61504.59259259259,11415.888888888889,196.88888888888889,353.0988730597491,65.53880501807357,5.8058685945141395,0.21619944716138953,5.8058685945141395,0.8517223049117533,0.3824303635977047,5.8058685945141395,3562.889733014977
103,spring-framework,https://github.com/spring-projects/spring-framework.git,0.6581,0.1234,0.0152,29177.0,38986.0,199707.0,1122.0,199.0,111.16767557584774,51.8228688203589,8.067182270526212,1.5937132879397142,5.122531165033601,39.845252501792515,19.979310898537662,3425.120320855615,2011.1532976827095,26.00445632798574,98.57346226850665,57.880110809008364,5.122531165033601,0.26041727799725206,5.122531165033601,0.6282934899707561,0.507576822449078,5.122531165033601,4902.786647666165
104,junit5,https://github.com/junit-team/junit5.git,0.8406,0.4196,0.1761,8885.0,6990.0,44157.0,264.0,112.0,61.99055793991416,53.76091785305494,10.87337276649467,2.073191645869848,6.317167381974249,21.607361843397538,10.781649405253173,1647.5833333333333,817.3181818181819,33.65530303030303,62.22632331902718,30.868669527896994,6.317167381974249,0.23587510729614067,6.317167381974249,0.7231287553648073,0.6468497854077283,6.317167381974249,2051.0241734248284
105,truth,https://github.com/google/truth.git,0.9495,0.7719,0.5958,1866.0,771.0,6452.0,115.0,165.0,97.30090791180285,54.75801071943929,16.029004176239496,2.3845804688262917,8.368352788586252,45.63879785315182,21.185392451787507,1080.2782608695652,596.1652173913044,16.22608695652174,161.13099870298313,88.92217898832685,8.368352788586252,0.22887159533073895,8.368352788586252,0.8451491569390405,0.8118028534370956,8.368352788586252,152.62357954545453
106,guava,https://github.com/google/guava.git,0.8054,0.3389,0.1148,6822.0,5626.0,58723.0,483.0,183.0,53.201386420191966,54.80490516187466,10.838672718838433,2.2520948664440916,10.437788837539992,114.73892558400426,41.308132555086644,3781.8115942028985,1617.7184265010353,14.124223602484472,324.6738357625311,138.8833985069321,10.437788837539992,0.43822396018486764,10.437788837539992,0.7115606114468507,0.6940739424102386,10.437788837539992,2973.4048223350255
107,velocity-engine,https://github.com/apache/velocity-engine.git,0.8917,0.5639,0.318,4420.0,3873.0,18877.0,31.0,292.0,173.1727343144849,57.2674927849928,9.928962655663893,1.9367821924754531,4.873999483604441,56.54383222136901,35.36277830311525,16931.451612903227,14096.41935483871,142.58064516129033,135.52155951458818,112.8295894655306,4.873999483604441,0.1993266201910684,4.873999483604441,0.6249083397882789,0.44553317841466705,4.873999483604441,557.5839870164999
108,hsqldb,https://github.com/hsqldb/hsqldb.git ,,,,1.0,1.0,1.0,1.0,11.0,11.0,,,1.0,1.0,9.0,0.0,9.0,0.0,1.0,9.0,0.0,1.0,0.0,1.0,1.0,0.0,1.0,
109,kotlin,,0.0288,0.0,0.0,120434.0,370124.0,1288184.0,998.0,,,,,,,,,,,,,,,,,,,,
110,graal,https://github.com/oracle/graal.git,0.0824,0.0,0.0,,,,,,,,,,,,,,,,,,,,,,,,
111,commons-io,https://github.com/apache/commons-io.git ,0.9294,0.6934,0.4808,,,,,,,,,,,,,,,,,,,,,,,,
112,jspwiki,https://github.com/apache/jspwiki.git,0.8718,0.5035,0.2535,,,,,,,,,,,,,,,,,,,,,,,,
113,poi,https://github.com/apache/poi.git,0.6277,0.0974,0.0095,,,,,,,,,,,,,,,,,,,,,,,,
114,quartz,https://github.com/quartz-scheduler/quartz.git ,0.9724,0.8695,0.756,,,,,,,,,,,,,,,,,,,,,,,,
115,zookeeper,https://github.com/apache/zookeeper.git,0.9047,0.6061,0.3673,,,,,,,,,,,,,,,,,,,,,,,,
116,freeplane,https://github.com/freeplane/freeplane.git ,0.6236,0.0943,0.0089,,,,,,,,,,,,,,,,,,,,,,,,
